{
    "seed": 9374,
    "best_robot_structure": [
        [
            0.0,
            0.0,
            0.0,
            0.0,
            3.0
        ],
        [
            4.0,
            3.0,
            1.0,
            0.0,
            3.0
        ],
        [
            4.0,
            1.0,
            0.0,
            3.0,
            3.0
        ],
        [
            4.0,
            2.0,
            1.0,
            3.0,
            0.0
        ],
        [
            4.0,
            3.0,
            3.0,
            3.0,
            0.0
        ]
    ],
    "best_fitness": 3.5857314848488686,
    "best_fitness_history": [
        0.6203638304634029,
        0.7114371380130856,
        0.9835144911537651,
        1.0272048773902913,
        1.212407821051941,
        1.2183523138710226,
        1.3702182044563513,
        1.8817839581934994,
        2.059850408844414,
        2.059850408844414,
        2.497465205502581,
        2.497465205502581,
        2.497465205502581,
        2.497465205502581,
        2.530204340250771,
        2.530204340250771,
        2.530204340250771,
        2.530204340250771,
        2.530204340250771,
        2.530204340250771,
        3.1613428481966035,
        3.1613428481966035,
        3.1613428481966035,
        3.1613428481966035,
        3.5857314848488686
    ],
    "average_fitness_history": [
        0.41967538867039417,
        0.34155686551434083,
        0.5532328653564795,
        0.5690373116255751,
        0.9694700251577729,
        0.7797961896403894,
        1.0286958805981685,
        1.1569336674020232,
        1.4625889121257758,
        1.5369646497754665,
        2.0126598650999687,
        2.160309637753533,
        1.9672997030514314,
        2.0587698079312595,
        1.7970961204538463,
        1.9448862927236976,
        2.323522085191795,
        2.1044582172640074,
        1.8029026066536906,
        1.8465347681306141,
        2.0849857090741106,
        2.5347059979736506,
        2.515119758990271,
        2.1564129179777134,
        3.053277817217593
    ],
    "best_reward_history": [
        0.6024273627354926,
        0.6918576659225083,
        0.9586122696967224,
        1.000997655392342,
        1.1826331850949092,
        1.1874188273170747,
        1.336721559742776,
        1.8356774679861967,
        2.009844498870296,
        2.009844498870296,
        2.4375210726541483,
        2.4375210726541483,
        2.4375210726541483,
        2.4375210726541483,
        2.4688763539537693,
        2.4688763539537693,
        2.4688763539537693,
        2.4688763539537693,
        2.4688763539537693,
        2.4688763539537693,
        3.0841284676859795,
        3.0841284676859795,
        3.0841284676859795,
        3.0841284676859795,
        3.4965348437224675
    ],
    "average_reward_history": [
        0.4077384082474634,
        0.3162984052726208,
        0.5351147814138649,
        0.5526540807101931,
        0.9447108745740248,
        0.7562683372057087,
        1.0007732113531969,
        1.127097616520947,
        1.4258478498307914,
        1.4982642510490185,
        1.9624631742526208,
        2.107154038686629,
        1.9179718797345782,
        2.0079533450852964,
        1.744650988847474,
        1.8959385150136419,
        2.2675707707879558,
        2.045633615190946,
        1.7555158717587867,
        1.7991691492725603,
        2.033421009750301,
        2.4714923650199103,
        2.452679037765086,
        2.0977975792857046,
        2.9767037195878103
    ],
    "execution_time": 298.5972366333008
}