{
    "seed": 6363,
    "best_robot_structure": [
        [
            2.0,
            2.0,
            1.0,
            4.0,
            3.0
        ],
        [
            0.0,
            1.0,
            4.0,
            1.0,
            0.0
        ],
        [
            3.0,
            3.0,
            4.0,
            0.0,
            0.0
        ],
        [
            2.0,
            4.0,
            4.0,
            0.0,
            0.0
        ],
        [
            3.0,
            1.0,
            2.0,
            4.0,
            0.0
        ]
    ],
    "best_fitness": 3.2382226645190575,
    "best_fitness_history": [
        0.5011014460562029,
        0.6102542498340903,
        0.7649868150863718,
        0.7649868150863718,
        1.1437529313854577,
        1.2337208285718977,
        1.2337208285718977,
        1.6155149570055076,
        1.6155149570055076,
        1.8065367464467008,
        1.8065367464467008,
        1.8065367464467008,
        1.9402993984288661,
        2.3971212669262725,
        2.547479784949472,
        2.547479784949472,
        2.547479784949472,
        2.547479784949472,
        2.547479784949472,
        2.547479784949472,
        2.547479784949472,
        2.547479784949472,
        3.134713844802291,
        3.134713844802291,
        3.2382226645190575
    ],
    "average_fitness_history": [
        -0.06735706244141658,
        0.3322311355853657,
        0.5838129795469806,
        0.6104310486742197,
        0.5235355568948101,
        0.6770869075209618,
        1.003687884267414,
        1.251519142806077,
        0.9614895469554171,
        1.2817668746878705,
        1.6684444514686103,
        1.5117275056821275,
        1.4597948461692933,
        1.720315681129128,
        2.1307782928410623,
        2.0015748967801343,
        1.3778385487113352,
        1.9892844172313904,
        1.8761627672205596,
        2.3532767965580548,
        2.271535686726858,
        2.226578597719141,
        2.415102047307419,
        2.4466037278770503,
        2.9260401385442942
    ],
    "best_reward_history": [
        0.4816654676716347,
        0.5930816361351317,
        0.7462474739245343,
        0.7462474739245343,
        1.1166689248049622,
        1.2047577474349254,
        1.2047577474349254,
        1.574412413124338,
        1.574412413124338,
        1.7600652096296998,
        1.7600652096296998,
        1.7600652096296998,
        1.892890962176723,
        2.3281499124742737,
        2.4800206245276644,
        2.4800206245276644,
        2.4800206245276644,
        2.4800206245276644,
        2.4800206245276644,
        2.4800206245276644,
        2.4800206245276644,
        2.4800206245276644,
        3.052726022635473,
        3.052726022635473,
        3.1538467434293787
    ],
    "average_reward_history": [
        -0.0817835491146215,
        0.3138898289612371,
        0.5663020567373527,
        0.5934745301320212,
        0.5096155956107202,
        0.6535377802029958,
        0.978741160285235,
        1.2211354297795203,
        0.9355711318261378,
        1.2495617489145492,
        1.624630408871138,
        1.4708242732547412,
        1.4222206443858447,
        1.6719118847669046,
        2.0735489209289035,
        1.9476041348315416,
        1.3392406641410373,
        1.9355660990020322,
        1.8270536857125739,
        2.290714996933798,
        2.2110836456905734,
        2.16617346409104,
        2.351043977361351,
        2.377886516927345,
        2.8500468053716683
    ],
    "execution_time": 286.33438992500305
}