{
    "seed": 198,
    "best_robot_structure": [
        [
            1.0,
            2.0,
            1.0,
            1.0,
            4.0
        ],
        [
            3.0,
            2.0,
            4.0,
            2.0,
            4.0
        ],
        [
            2.0,
            4.0,
            4.0,
            3.0,
            2.0
        ],
        [
            2.0,
            2.0,
            4.0,
            4.0,
            0.0
        ],
        [
            0.0,
            3.0,
            4.0,
            4.0,
            0.0
        ]
    ],
    "best_fitness": 2.918757202079509,
    "best_fitness_history": [
        0.7663787746975901,
        0.9968024009935883,
        0.9968024009935883,
        1.4203508034945058,
        2.0065583051854428,
        2.0065583051854428,
        2.0065583051854428,
        2.0407872785410817,
        2.288475121996883,
        2.288475121996883,
        2.288475121996883,
        2.288475121996883,
        2.5811671042902664,
        2.5811671042902664,
        2.5811671042902664,
        2.5811671042902664,
        2.5811671042902664,
        2.5811671042902664,
        2.6919367287737197,
        2.6919367287737197,
        2.6919367287737197,
        2.6919367287737197,
        2.6919367287737197,
        2.803137619995745,
        2.918757202079509
    ],
    "average_fitness_history": [
        0.06985857543217934,
        0.6067945690811894,
        0.7128309602324389,
        0.43994458057267666,
        0.9510972069459082,
        1.4244264708097536,
        1.6784990200276249,
        1.7520276194007474,
        1.9487091788284996,
        1.7310851943920242,
        1.8283905975197574,
        1.6106128269796112,
        1.7454760026986478,
        1.922240175106327,
        2.4238878780624407,
        2.3228691697111263,
        1.9484438932471693,
        1.988373772192592,
        2.029831195569064,
        2.0700484185991357,
        2.1608558180839137,
        2.5270055354560514,
        1.775524886217194,
        2.085558088356065,
        2.490696488740211
    ],
    "best_reward_history": [
        0.7262123938244323,
        0.9506518627236171,
        0.9506518627236171,
        1.3727382694241188,
        1.937360750254585,
        1.937360750254585,
        1.937360750254585,
        1.9891253123685968,
        2.2110122339887144,
        2.2110122339887144,
        2.2110122339887144,
        2.2110122339887144,
        2.4938564301099766,
        2.4938564301099766,
        2.4938564301099766,
        2.4938564301099766,
        2.4938564301099766,
        2.4938564301099766,
        2.621740519999255,
        2.621740519999255,
        2.621740519999255,
        2.621740519999255,
        2.621740519999255,
        2.7258283644182915,
        2.8271481736324295
    ],
    "average_reward_history": [
        0.0412573213083874,
        0.5739491956053954,
        0.678738081614801,
        0.41051545862095906,
        0.9133665422686492,
        1.3834913571988028,
        1.627268438855147,
        1.6952613134834602,
        1.8931150588717642,
        1.68460197006716,
        1.7747740983400557,
        1.5611444874033393,
        1.6887987252993522,
        1.864764131865909,
        2.3487272042875764,
        2.254268931325136,
        1.8897953903757005,
        1.9230765277915782,
        1.9688448948862656,
        2.006145703295057,
        2.1045384596990386,
        2.4609977759122024,
        1.7279726213506732,
        2.031208950471401,
        2.4218514171831376
    ],
    "execution_time": 298.7925908565521
}