{
    "seed": 2003,
    "best_robot_structure": [
        [
            0.0,
            4.0,
            3.0,
            2.0,
            1.0
        ],
        [
            4.0,
            4.0,
            2.0,
            2.0,
            1.0
        ],
        [
            0.0,
            3.0,
            4.0,
            3.0,
            3.0
        ],
        [
            4.0,
            4.0,
            3.0,
            2.0,
            2.0
        ],
        [
            1.0,
            3.0,
            0.0,
            3.0,
            3.0
        ]
    ],
    "best_fitness": 3.7536023594894425,
    "best_fitness_history": [
        0.9064278504276144,
        0.9064278504276144,
        1.8028282788780228,
        1.8028282788780228,
        2.3108200125577096,
        2.788472842800369,
        2.788472842800369,
        2.9535143274918085,
        2.9884871070295653,
        2.9884871070295653,
        2.9884871070295653,
        3.1966775833512986,
        3.277216782852783,
        3.277216782852783,
        3.277216782852783,
        3.4378799613807924,
        3.4378799613807924,
        3.5498885028041594,
        3.5498885028041594,
        3.5585917636748836,
        3.5585917636748836,
        3.7536023594894425,
        3.7536023594894425,
        3.7536023594894425,
        3.7536023594894425
    ],
    "average_fitness_history": [
        0.26931577284897273,
        0.5211854539871769,
        0.9785614795346005,
        1.4905202992170388,
        1.929461105952439,
        1.49733038650695,
        2.291438961280594,
        2.116018555519048,
        2.163035214400003,
        2.506925241642752,
        1.7529135625446002,
        2.457657716062435,
        2.3013527338500483,
        2.872246639939385,
        2.0726469655911055,
        1.615556043967393,
        2.87432125637202,
        2.9690976998235996,
        2.926672561673176,
        2.0513515725689744,
        2.9396527470382163,
        2.703661002407164,
        3.2169533413999245,
        2.9168686089721665,
        3.0141558978930036
    ],
    "best_reward_history": [
        0.8786807498423352,
        0.8786807498423352,
        1.7562916881369697,
        1.7562916881369697,
        2.2573944052806163,
        2.720735498132072,
        2.720735498132072,
        2.883553557952474,
        2.9179756671941575,
        2.9179756671941575,
        2.9179756671941575,
        3.120464311041783,
        3.1987908103459994,
        3.1987908103459994,
        3.1987908103459994,
        3.355707505627073,
        3.355707505627073,
        3.46582688366464,
        3.46582688366464,
        3.4741641118821103,
        3.4741641118821103,
        3.663747657806355,
        3.663747657806355,
        3.663747657806355,
        3.663747657806355
    ],
    "average_reward_history": [
        0.2565323464925052,
        0.4978172281282169,
        0.9495989262041832,
        1.452052855622222,
        1.8808139911236306,
        1.4593430577043047,
        2.2363683506732244,
        2.0646239168630465,
        2.1100053188022363,
        2.446438792415384,
        1.7082674538284675,
        2.398711307777396,
        2.2452540497977966,
        2.803172178510686,
        2.020137264877145,
        1.572823863654184,
        2.805242876534169,
        2.8972129131776008,
        2.8563654382885595,
        1.9765815282365264,
        2.867678579162544,
        2.6384236839325164,
        3.1396410300749715,
        2.8437678347174282,
        2.9410308020164058
    ],
    "execution_time": 309.4331114292145
}